 Enable Order Type Edit,تفعيل تعديل نوع الطلب,
% of selected sales,٪ من المبيعات المحددة,
<br>,<br>,
<li>Daily Gross Salary Cost is calculated from employees attendance.</li>,<li>تُحتسب تكلفة الرواتب اليومية الإجمالية من حضور الموظفين.</li>,
ABV,متوسط قيمة الفاتورة,
AC,مكيّفة,
About,حول النظام,
Active Info,معلومات النشاط,
Add Item,إضافة صنف,
Additional Details,تفاصيل إضافية,
Address,العنوان,
Aggregator ID,معرّف منصة الطلبات,
Aggregator Series Prefix,بادئة ترقيم منصة الطلبات,
Aggregator Settings,إعدادات منصات الطلبات,
Aggregators,منصات الطلبات,
Aggregators Settings,إعدادات منصات الطلبات,
All,الكل,
Allow Cashier To Edit And Remove Table Order Items,السماح لأمين الصندوق بتعديل أصناف طلب الطاولة وحذفها,
Allow Cashier To View All Status,السماح لأمين الصندوق بعرض جميع الحالات,
Amended From,معدّل من,
Amount,المبلغ,
Applied for both Sales Invoice and POS Invoice,يُطبّق على فاتورة المبيعات وفاتورة نقطة البيع,
Arrived Time,وقت الوصول,
Average Bill Value,متوسط قيمة الفاتورة,
Bill,الفاتورة,
Bill Nos,أرقام الفواتير,
Bill Nos:Link/POS Invoice,أرقام الفواتير,
Bill Merge Details,تفاصيل دمج الفواتير,
Block Takeaway KOT,حظر تذكرة المطبخ للطلبات الخارجية,
Branch,الفرع,
Breakup,التفصيل,
Burning Materials (Other Consumables),المواد المستهلكة (مستهلكات أخرى),
Buying Price,سعر الشراء,
Buying Price List,قائمة أسعار الشراء,
Cancel,إلغاء,
Cancellation Reason,سبب الإلغاء,
Cancelled By,ألغيت بواسطة,
Cancelled,ملغاة,
Cancelled Invoices,الفواتير الملغاة,
Cancelled Qty,الكمية الملغاة,
Cart Items,أصناف السلة,
Circle,دائرة,
Cash Discounts,الخصومات النقدية,
Cashier,أمين الصندوق,
Change Amount,المبلغ المرتجع,
Click Enter To Add,اضغط Enter للإضافة,
Closing Amount,مبلغ الإغلاق,
Comment,تعليق,
Comments,تعليقات,
Company,الشركة,
Cost Of Goods,تكلفة البضاعة,
Cost Of Goods Sold (Breakup),تفصيل تكلفة البضاعة المباعة,
Cost Per Unit,التكلفة لكل وحدة,
Cost of Goods Sold,تكلفة البضاعة المباعة,
Cost of Goods Sold Percent,نسبة تكلفة البضاعة المباعة,
Course,مرحلة التقديم,
Course Icon,أيقونة مرحلة التقديم,
Create Invoice without Tax,إنشاء فاتورة بدون ضريبة,
Current Order,الطلب الحالي,
Customer,العميل,
Customer ID,معرّف العميل,
Customer Data,بيانات العملاء,
Customer Group,مجموعة العملاء,
Customer Name,اسم العميل,
Customer Territory,منطقة العميل,
Customer group,مجموعة العملاء,
Daily Fixed,الثابت اليومي,
Daily P and L Settings,إعدادات الأرباح والخسائر اليومية,
Date,التاريخ,
Daywise Customer Details,تفاصيل العملاء حسب اليوم,
Daywise Invoices,الفواتير حسب اليوم,
Daywise Sales,المبيعات حسب اليوم,
Default Menu,القائمة الافتراضية,
Default Mode Of Payments,طرق الدفع الافتراضية,
Default Price List,قائمة الأسعار الافتراضية,
Default Room,الصالة الافتراضية,
Default Tax Template,قالب الضرائب الافتراضي,
Delivery,توصيل,
Depreciation,الإهلاك,
Depreciation Percent,نسبة الإهلاك,
Details,التفاصيل,
Difference,الفرق,
Direct Expenses,المصروفات المباشرة,
Door,باب,
Direct Fixed Expenses,المصروفات المباشرة الثابتة,
Disabled,معطّل,
Discounts & Round Offs,الخصومات وفروق التقريب,
Discounts & Round Offs Percent,نسبة الخصومات وفروق التقريب,
Draft,مسودة,
Driving,قيادة,
Duplicate,مكررة,
Electricity Closing,قراءة الكهرباء الختامية,
Electricity Opening,قراءة الكهرباء الافتتاحية,
Electricty Charges,تكلفة الكهرباء,
Employee,الموظف,
Employee Cost,تكلفة الموظفين,
Employee Cost Percent,نسبة تكلفة الموظفين,
Employee Costs,تكاليف الموظفين,
Employee Item Wise Sales,مبيعات الأصناف حسب الموظف,
Employee Sales,مبيعات الموظفين,
Enable Discount,تفعيل الخصم,
Enable KOT Audio Alert,تفعيل التنبيه الصوتي لتذكرة المطبخ,
Enable KOT Reprint,تفعيل إعادة طباعة تذكرة المطبخ,
Enable Multiple Cashier,تفعيل تعدد أمناء الصندوق,
Enable order type wise display on mosaic,تفعيل العرض حسب نوع الطلب في شاشة المطبخ,
Enable discount feature in URY POS,تفعيل خاصية الخصم في نقطة بيع URY,
Enabled,مفعّل,
"Enables Cashiers to view all statuses (Paid, Consolidated, Return Invoices) in the recent order.",يتيح لأمناء الصندوق عرض جميع الحالات (مدفوعة ومجمّعة ومرتجعة) ضمن الطلبات الحديثة.,
Enter Units Consumed,أدخل الوحدات المستهلكة,
Expected Amount,المبلغ المتوقع,
Expense,المصروف,
Extended Hours,الساعات الإضافية,
Failed,فشل,
Favorite Item,صنف مفضّل,
Favorite Items,الأصناف المفضّلة,
Frappe Support,دعم Frappe,
From Date,من تاريخ,
Grand Total,الإجمالي الكلي,
Gross Profit/Loss,إجمالي الربح أو الخسارة,
Gross Profit/Loss Percent,نسبة إجمالي الربح أو الخسارة,
Gross Sales,إجمالي المبيعات,
Gross Sales Percent,نسبة إجمالي المبيعات,
Image,الصورة,
Includes in Total Indirect Expense,يُحتسب ضمن إجمالي المصروفات غير المباشرة,
Indicate Course,تحديد مرحلة التقديم,
Indicate In KDS,إظهاره في شاشة المطبخ,
Indirect Expenses,المصروفات غير المباشرة,
Indirect Fixed Expenses,المصروفات غير المباشرة الثابتة,
Invoice,الفاتورة,
Invoice:Link/POS Invoice,الفاتورة,
Invoice Created,تم إنشاء الفاتورة,
Invoice Creation Time,وقت إنشاء الفاتورة,
Invoice Printed,تمت طباعة الفاتورة,
Invoice Series Prefix,بادئة ترقيم الفاتورة,
Is Aggregator,طلب عبر منصة,
Is Take Away,طلب خارجي,
Item,الصنف,
Item Add On,إضافة الصنف,
Item Code,رمز الصنف,
Item Group,مجموعة الصنف,
Item Groups,مجموعات الأصناف,
Item Name,اسم الصنف,
Item Total,إجمالي الأصناف,
Item Wise Sales,المبيعات حسب الصنف,
Item name,اسم الصنف,
Items,الأصناف,
KDS Order Type,نوع الطلب في شاشة المطبخ,
KDS Settings,إعدادات شاشة المطبخ,
KOT,تذكرة المطبخ,
KOT Items,أصناف تذكرة المطبخ,
KOT Print,طباعة تذكرة المطبخ,
KOT Print Format,تنسيق طباعة تذكرة المطبخ,
KOT Settings,إعدادات تذكرة المطبخ,
KOT Warning Time,مدة التحذير لتذكرة المطبخ,
KOT alert sound,صوت تنبيه تذكرة المطبخ,
Keep Sales Invoice Unpaid,إبقاء فاتورة المبيعات غير مدفوعة,
Keyboard Shortcuts,اختصارات لوحة المفاتيح,
Latest Invoice Time,وقت أحدث فاتورة,
Layout Height,ارتفاع المخطط,
Layout Position,موضع المخطط,
Layout Width,عرض المخطط,
Layout X,موضع المخطط أفقيًا,
Layout Y,موضع المخطط رأسيًا,
Linked Invoices,الفواتير المرتبطة,
Main Cashier,أمين الصندوق الرئيسي,
MONTH,الشهر,
Material,المادة,
Materials Consumed,المواد المستهلكة,
Menu,القائمة,
Menu For Room,قائمة الصالة,
Menu Info,معلومات القائمة,
Menu for Room,قائمة الصالة,
Merged POS Invoice,فاتورة نقطة البيع المدمجة,
Merged POS Invoice Details,تفاصيل فاتورة نقطة البيع المدمجة,
Merged Tables,الطاولات المدمجة,
Merged Total,الإجمالي المدمج,
Merged With,مدمجة مع,
Minimum Seating,الحد الأدنى للمقاعد,
Mobile Number,رقم الجوال,
Mode of Payment,طريقة الدفع,
Modified time,وقت التعديل,
Month Wise Sales,المبيعات حسب الشهر,
Monthly Fixed,الثابت الشهري,
Monthly Fixed Expenses,المصروفات الشهرية الثابتة,
Multiple Cashier Configuration,إعداد تعدد أمناء الصندوق,
Multiple Rooms,صالات متعددة,
NON-AC,غير مكيّفة,
Net Profit/Loss,صافي الربح أو الخسارة,
Net Profit/Loss Percent,نسبة صافي الربح أو الخسارة,
Net Sales,صافي المبيعات,
Net Sales Percent,نسبة صافي المبيعات,
Net Total,صافي الإجمالي,
Network Printer Settings,إعدادات طابعة الشبكة,
New Order,طلب جديد,
No Of Hours,عدد الساعات,
No of Seats,عدد المقاعد,
Notify KOT Delay,إرسال تنبيه بتأخر تذكرة المطبخ,
Occupied,مشغولة,
Opening Amount,مبلغ الافتتاح,
Order,الطلب,
Order Info,معلومات الطلب,
Order Modified,تم تعديل الطلب,
Order No,رقم الطلب,
Order Status,حالة الطلب,
Order Type,نوع الطلب,
Order Type Menu,قائمة نوع الطلب,
Order Type Wise Menu,قائمة حسب نوع الطلب,
Original KOT,تذكرة المطبخ الأصلية,
Other Expenses,مصروفات أخرى,
Other Expenses Percent,نسبة المصروفات الأخرى,
Partially cancelled,ملغى جزئيًا,
POS Add On Items,إضافات أصناف نقطة البيع,
POS Invoice,فاتورة نقطة البيع,
POS Invoice:Link/POS Invoice,فاتورة نقطة البيع,
POS Item Variants,خيارات أصناف نقطة البيع,
POS Opening Entry,قيد افتتاح نقطة البيع,
POS Profile,ملف نقطة البيع,
POS Profile ,ملف نقطة البيع,
POS Transactions,معاملات نقطة البيع,
POS V1,نقطة البيع V1,
POS Variants,خيارات نقطة البيع,
Parcel Order Printer,طابعة الطلبات الخارجية,
Pax,عدد الضيوف,
Payment Amount,مبلغ الدفع,
Payment Mode,طريقة الدفع,
Payment Reconciliation,تسوية المدفوعات,
Payment Type,نوع الدفع,
Per Unit,لكل وحدة,
Percent,النسبة,
Percentage Expenses,المصروفات النسبية,
Percentage Type,نوع النسبة,
Period Details,تفاصيل الفترة,
Period End Date,تاريخ انتهاء الفترة,
Period Start Date,تاريخ بدء الفترة,
Please add this item to the URY Menu to make it available in POS,أضف هذا الصنف إلى قائمة URY ليظهر في نقطة البيع,
Please set an active menu for Restaurant {0},يرجى تعيين قائمة نشطة للمطعم {0},
Point of Sale,نقطة البيع,
Posting Date,تاريخ القيد,
Posting Time,وقت القيد,
Phone In,طلب هاتفي,
Price List (Auto created),قائمة الأسعار (تُنشأ تلقائيًا),
Print,طباعة,
Printer,الطابعة,
Printer Info,معلومات الطابعة,
Printer Settings,إعدادات الطابعة,
Printer info,معلومات الطابعة,
Printers,الطابعات,
Priority,الأولوية,
Production,الإنتاج,
Profit / Loss,الربح أو الخسارة,
Qty,الكمية,
Quantity,الكمية,
QZ Host,مضيف QZ,
QZ Print,الطباعة عبر QZ,
Queued,في قائمة الانتظار,
Rate,السعر,
Reason,السبب,
Received Amount,المبلغ المستلم,
Rectangle,مستطيل,
Receiver By Role,المستلم حسب الدور,
Recipients,المستلمون,
Remarks,ملاحظات,
Repeated Customers,العملاء المتكررون,
Reprint KOT Format,تنسيق إعادة طباعة تذكرة المطبخ,
Require Daily POS Closing,اشتراط الإغلاق اليومي لنقطة البيع,
Reset Order Number Daily,إعادة ضبط رقم الطلب يوميًا,
Restaurant,المطعم,
Restaurant Info,معلومات المطعم,
Restaurant Menu,قائمة المطعم,
Restaurant Prefix For Sales Invoice,بادئة المطعم لفاتورة المبيعات,
Restaurant Room,صالة المطعم,
Restaurant Table,طاولة المطعم,
Role,الدور,
Role Allowed For Billing,الدور المسموح له بالفوترة,
Role Permitted,الدور المسموح,
Role Permitted For Captain Transfer,الدور المسموح له بنقل مسؤول الطاولة,
Role Restricted For Table Order,الدور المقيّد عن طلبات الطاولات,
Room,الصالة,
Room Type,نوع الصالة,
Room Wise Menu,قائمة حسب الصالة,
Rooms,الصالات,
Round Off,فرق التقريب,
Rounded Total,الإجمالي بعد التقريب,
Serve Priority,أولوية التقديم,
Served Time,وقت التقديم,
Sales Amount,قيمة المبيعات,
Serving Priority,أولوية التقديم,
Service Wise Sales,المبيعات حسب نوع الخدمة,
Set a limit for the cashier to view a restricted number of recently paid invoices.,حدّد عدد الفواتير المدفوعة مؤخرًا التي يمكن لأمين الصندوق عرضها.,
Show Item Image In URY Pos,إظهار صورة الصنف في نقطة بيع URY,
Show Limited Paid Invoices,تحديد عدد الفواتير المدفوعة المعروضة,
Square,مربع,
Special Dish,طبق مميز,
Split From,مقسّمة من,
Split Group,مجموعة التقسيم,
Start Time For Preparation,وقت بدء التحضير,
Status,الحالة,
Sub POS Close Entry,قيد إغلاق نقطة البيع الفرعي,
Sub POS Closing,إغلاق نقطة البيع الفرعي,
Sub POS Closing Payment,دفعة إغلاق نقطة البيع الفرعي,
Sub POS Invoices,فواتير نقطة البيع الفرعية,
Submitted,مُعتمدة,
Summary,الملخص,
System Manager,مدير النظام,
Table,الطاولة,
Table Attention time,مدة تنبيه الطاولة,
Table Info,معلومات الطاولة,
Table List,قائمة الطاولات,
Table Order Printer,طابعة طلبات الطاولات,
Table Shape,شكل الطاولة,
Table Takeaway,طاولة الطلب الخارجي,
Take Away,طلب خارجي,
Take Away List,قائمة الطلبات الخارجية,
Tax,الضريبة,
Tax Percent,نسبة الضريبة,
This method is only meant for developer mode,هذه العملية مخصصة لوضع المطور فقط,
This role grants permissions for Captain Transfer with access to all tables,يمنح هذا الدور صلاحية نقل مسؤول الطاولة مع إمكانية الوصول إلى جميع الطاولات,
"This role grants permissions for Captain Transfer with access to all tables
",يمنح هذا الدور صلاحية نقل مسؤول الطاولة مع إمكانية الوصول إلى جميع الطاولات,
Time,الوقت,
Time Wise Sales,المبيعات حسب الوقت,
To Date,إلى تاريخ,
Today,اليوم,
Today's Sales,مبيعات اليوم,
Total Amount,إجمالي المبلغ,
Total Direct Expense,إجمالي المصروفات المباشرة,
Total Direct Expense Percent,نسبة إجمالي المصروفات المباشرة,
Total Indirect Expenses,إجمالي المصروفات غير المباشرة,
Total Indirect Expenses Percent,نسبة إجمالي المصروفات غير المباشرة,
Total Invoices,إجمالي الفواتير,
Total Production Time,إجمالي وقت الإنتاج,
Total Quantity,إجمالي الكمية,
Total Sales,إجمالي المبيعات,
Total Spend Time,إجمالي الوقت المستغرق,
Total Taxes and Charges,إجمالي الضرائب والرسوم,
Type,النوع,
Units Consumed,الوحدات المستهلكة,
Update,تحديث,
URY,URY,
URY Cost Of Goods,تكلفة البضاعة في URY,
URY Daily P and L,الأرباح والخسائر اليومية في URY,
URY Fixed Expenses,المصروفات الثابتة في URY,
URY KOT,تذكرة مطبخ URY,
URY KOT Error Log,سجل أخطاء تذاكر مطبخ URY,
URY KOT Items,أصناف تذكرة مطبخ URY,
URY KOT Naming Series,سلسلة ترقيم تذاكر مطبخ URY,
URY Last Aggregator Invoice,آخر فاتورة منصة طلبات في URY,
URY Last Invoice,آخر فاتورة في URY,
URY Materials,مواد URY,
URY Menu,قائمة URY,
URY Menu Course,مرحلة التقديم في قائمة URY,
URY Menu Item,صنف قائمة URY,
URY Merged POS Invoice Detail,تفاصيل فاتورة نقطة بيع URY المدمجة,
URY Notification Recipient,مستلم إشعارات URY,
URY Order,طلب URY,
URY Order Item,صنف طلب URY,
URY Order Number,رقم طلب URY,
URY P and L Breakup,تفصيل الأرباح والخسائر في URY,
URY P and L Materials,مواد الأرباح والخسائر في URY,
URY POS,نقطة بيع URY,
URY Printer Settings,إعدادات طابعة URY,
URY Production Item Groups,مجموعات أصناف إنتاج URY,
URY Production Unit,وحدة إنتاج URY,
URY Report Settings,إعدادات تقارير URY,
URY Restaurant,مطعم URY,
URY Room,صالة URY,
URY Setup,إعداد URY,
URY Table,طاولة URY,
URY User,مستخدم URY,
URY Variable Expenses,المصروفات المتغيرة في URY,
URY pos restrictions ,قيود نقطة بيع URY,
User,المستخدم,
User Details,تفاصيل المستخدم,
"Users assigned this role will function as cashiers in URY POS, responsible for managing billing transactions.",يعمل المستخدمون المسند إليهم هذا الدور كأمناء صندوق في نقطة بيع URY ويتولون معاملات الفوترة.,
Users with this role have restricted access to table order functions.,تُقيّد صلاحية المستخدمين الحاصلين على هذا الدور في وظائف طلبات الطاولات.,
Validate that the previous day’s POS is closed before opening a new one.,التحقق من إغلاق نقطة بيع اليوم السابق قبل افتتاح وردية جديدة.,
Validation Error,خطأ في التحقق,
Verified,تم التحقق,
Waiter,مقدم الخدمة,
Warehouse,المستودع,
Warning,تحذير,
Websocket Print,الطباعة عبر WebSocket,
YEAR,السنة,
Whether the branch is open after 12 AM.,تحديد ما إذا كان الفرع يعمل بعد الساعة 12 منتصف الليل.,
closing reading(Unit),القراءة الختامية (وحدة),
naming_series,سلسلة الترقيم,
opening reading(Unit),القراءة الافتتاحية (وحدة),
user,المستخدم,
verified_by,تم التحقق بواسطة,
